[
    {
        "buildversion": "1.0.0",
        "data": [
            {
                "serial number": "1",
                "SPR": "HCSDM000001",
                "Submitter": "502661246"
            },
            {
                "serial number": "2",
                "SPR": "HCSDM000001",
                "Submitter": "502661247"
            },
            {
                "serial number": "3",
                "SPR": "HCSDM000001",
                "Submitter": "502661248"
            },
            {
                "serial number": "4",
                "SPR": "HCSDM000001",
                "Submitter": "502661249"
            }
        ]
    },
    {
        "buildversion": "1.0.1",
        "data": [
            {
                "serial number": "1",
                "SPR": "HCSDM000002",
                "Submitter": "502661246"
            },
            {
                "serial number": "2",
                "SPR": "HCSDM000003",
                "Submitter": "502661247"
            },
            {
                "serial number": "3",
                "SPR": "HCSDM000004",
                "Submitter": "502661248"
            },
            {
                "serial number": "4",
                "SPR": "HCSDM000005",
                "Submitter": "502661249"
            }
        ]
    }
]